Instruction, Times Executed
ADD, 4544
SUB, 0
FADD, 0
FSUB, 0
FMUL, 0
FDIV, 0
FSQRT, 0
FNEG, 0
FABS, 0
FLOOR, 0
FEQ, 0
FLT, 0
FLE, 0
ITOF, 0
FTOI, 0
ADDI, 738
SLLI, 0
SRAI, 0
LW, 176
LUI, 2
BEQ, 0
BNE, 0
BLT, 190
BGE, 0
BNEI, 0
SW, 179
JUMP, 11
JUMPR, 0
CALL, 178
CALLR, 0
RET, 178
(FSIN), 0
(FCOS), 0
(ATAN), 0
,
Address, Instruction, Times Executed, Branch Taken Times, Branch Untaken Times
0, "nop", 1, N/A, N/A
1, " 	lui hp, 4096", , ,
2, " nop", , ,
3, " nop", , ,
4, " ", , ,
5, "nop", 1, N/A, N/A
6, " 	addi hp, hp, 0", , ,
7, " nop", , ,
8, " nop", , ,
9, " ", , ,
10, "	jump min_caml_start", 1, N/A, N/A
11, " nop", , ,
12, " nop", , ,
13, " nop", , ,
14, " ", , ,
15, "print_char:", , ,
16, "	ret", 0, N/A, N/A
17, " nop", , ,
18, "     sw a0, 0(zero)", , ,
19, " nop", , ,
20, " ", , ,
21, "print_int:", , ,
22, "	addi a2, zero, 48", 1, N/A, N/A
23, " 	addi a1, zero, 48", , ,
24, " nop", , ,
25, " nop", , ,
26, " ", , ,
27, "	addi a4, zero, 100", 1, N/A, N/A
28, " 	addi a3, zero, 48", , ,
29, " nop", , ,
30, " nop", , ,
31, " ", , ,
32, "	addi a6, zero, 1", 1, N/A, N/A
33, " 	addi a5, zero, 10", , ,
34, " nop", , ,
35, " nop", , ,
36, " ", , ,
37, "nop", 1, N/A, N/A
38, " 	addi a7, zero, 48", , ,
39, " nop", , ,
40, " nop", , ,
41, " ", , ,
42, "print_int_l1:", , ,
43, "	blt a0, a4, print_int_l2", 1, N/A, N/A
44, " nop", , ,
45, " nop", , ,
46, " nop", , ,
47, " ", , ,
48, "	addi a0, a0, -100", 0, N/A, N/A
49, " 	addi a1, a1, 1", , ,
50, " nop", , ,
51, " nop", , ,
52, " ", , ,
53, "	jump print_int_l1", 0, N/A, N/A
54, " nop", , ,
55, " nop", , ,
56, " nop", , ,
57, " ", , ,
58, "print_int_l2:", , ,
59, "	blt a0, a5, print_int_l3", 6, N/A, N/A
60, " nop", , ,
61, " nop", , ,
62, " nop", , ,
63, " ", , ,
64, "	addi a0, a0, -10", 5, 5, 0
65, " 	addi a2, a2, 1", , ,
66, " nop", , ,
67, " nop", , ,
68, " ", , ,
69, "	jump print_int_l2", 5, N/A, N/A
70, " nop", , ,
71, " nop", , ,
72, " nop", , ,
73, " ", , ,
74, "print_int_l3:", , ,
75, "	blt a0, a6, print_int_l4", 6, N/A, N/A
76, " nop", , ,
77, " nop", , ,
78, " nop", , ,
79, " ", , ,
80, "	addi a0, a0, -1", 5, N/A, N/A
81, " 	addi a3, a3, 1", , ,
82, " nop", , ,
83, " nop", , ,
84, " ", , ,
85, "	jump print_int_l3", 5, N/A, N/A
86, " nop", , ,
87, " nop", , ,
88, " nop", , ,
89, " ", , ,
90, "print_int_l4:", , ,
91, "nop", 1, N/A, N/A
92, " nop", , ,
93, " 	sw a1, 0(zero)", , ,
94, " nop", , ,
95, " ", , ,
96, "nop", 1, N/A, N/A
97, " nop", , ,
98, " 	sw a2, 0(zero)", , ,
99, " nop", , ,
100, " ", , ,
101, "	ret", 1, N/A, N/A
102, " nop", , ,
103, " 	sw a3, 0(zero)", , ,
104, " nop", , ,
105, " ", , ,
106, "read_int:", , ,
107, "nop", 0, N/A, N/A
108, " nop", , ,
109, "     lw a0, 0(zero)", , ,
110, " nop", , ,
111, " ", , ,
112, "nop", 0, 0, 0
113, " nop", , ,
114, "     lw a1, 0(zero)", , ,
115, " nop", , ,
116, " ", , ,
117, "nop", 0, N/A, N/A
118, "     slli a1, a1, 8", , ,
119, " nop", , ,
120, " nop", , ,
121, " ", , ,
122, "nop", 0, N/A, N/A
123, "     add a0, a0, a1", , ,
124, "     lw a1, 0(zero)", , ,
125, " nop", , ,
126, " ", , ,
127, "nop", 0, N/A, N/A
128, "     slli a1, a1, 16", , ,
129, " nop", , ,
130, " nop", , ,
131, " ", , ,
132, "nop", 0, N/A, N/A
133, "     add a0, a0, a1", , ,
134, "     lw a1 , 0(zero)", , ,
135, " nop", , ,
136, " ", , ,
137, "nop", 0, N/A, N/A
138, "     slli a1, a1, 24", , ,
139, " nop", , ,
140, " nop", , ,
141, " ", , ,
142, "nop", 0, N/A, N/A
143, "     add a0, a0, a1", , ,
144, " nop", , ,
145, " nop", , ,
146, " ", , ,
147, "	ret", 0, N/A, N/A
148, " nop", , ,
149, " nop", , ,
150, " nop", , ,
151, " ", , ,
152, "read_float:", , ,
153, "nop", 0, N/A, N/A
154, " nop", , ,
155, "     lw a0, 0(zero)", , ,
156, " nop", , ,
157, " ", , ,
158, "nop", 0, N/A, N/A
159, " nop", , ,
160, "     lw a1, 0(zero)", , ,
161, " nop", , ,
162, " ", , ,
163, "nop", 0, N/A, N/A
164, "     slli a1, a1, 8", , ,
165, " nop", , ,
166, " nop", , ,
167, " ", , ,
168, "nop", 0, 0, 0
169, "     add a0, a0, a1", , ,
170, "     lw a1, 0(zero)", , ,
171, " nop", , ,
172, " ", , ,
173, "nop", 0, N/A, N/A
174, "     slli a1, a1, 16", , ,
175, " nop", , ,
176, " nop", , ,
177, " ", , ,
178, "nop", 0, N/A, N/A
179, "     add a0, a0, a1", , ,
180, "     lw a1 , 0(zero)", , ,
181, " nop", , ,
182, " ", , ,
183, "nop", 0, N/A, N/A
184, "     slli a1, a1, 24", , ,
185, " nop", , ,
186, " nop", , ,
187, " ", , ,
188, "nop", 0, 0, 0
189, "     add a0, a0, a1", , ,
190, " nop", , ,
191, " nop", , ,
192, " ", , ,
193, "nop", 0, N/A, N/A
194, " 	addi f0, a0, 0", , ,
195, " nop", , ,
196, " nop", , ,
197, " ", , ,
198, "	ret", 0, N/A, N/A
199, " nop", , ,
200, " nop", , ,
201, " nop", , ,
202, " ", , ,
203, "fiszero:", , ,
204, "	ret", 0, 0, 0
205, "     feq a0, f0, fzero", , ,
206, " nop", , ,
207, " nop", , ,
208, " ", , ,
209, "fispos:", , ,
210, "	ret", 0, N/A, N/A
211, "     flt a0, fzero, f0", , ,
212, " nop", , ,
213, " nop", , ,
214, " ", , ,
215, "fisneg:", , ,
216, "	ret", 0, N/A, N/A
217, "     flt a0, f0, fzero", , ,
218, " nop", , ,
219, " nop", , ,
220, " ", , ,
221, "fneg:", , ,
222, "	ret", 0, N/A, N/A
223, "     fneg f0, f0", , ,
224, " nop", , ,
225, " nop", , ,
226, " ", , ,
227, "fabs:", , ,
228, "nop", 0, 0, 0
229, "     flt a1, f0, fzero", , ,
230, " nop", , ,
231, " nop", , ,
232, " ", , ,
233, "    bne a1, zero, fabs_l1", 0, 0, 0
234, " nop", , ,
235, " nop", , ,
236, " nop", , ,
237, " ", , ,
238, "	ret", 0, N/A, N/A
239, " nop", , ,
240, " nop", , ,
241, " nop", , ,
242, " ", , ,
243, "fabs_l1:", , ,
244, "	ret", 0, 0, 0
245, "     fneg f0, f0", , ,
246, " nop", , ,
247, " nop", , ,
248, " ", , ,
249, "fless:", , ,
250, "	ret", 0, N/A, N/A
251, "     flt a0, f0, f1", , ,
252, " nop", , ,
253, " nop", , ,
254, " ", , ,
255, "fhalf:", , ,
256, "nop", 0, N/A, N/A
257, " 	lui.float f1, 0.5", , ,
258, " nop", , ,
259, " nop", , ,
260, " ", , ,
261, "nop", 0, N/A, N/A
262, " 	addi.float f1, f1, 0.5", , ,
263, " nop", , ,
264, " nop", , ,
265, " ", , ,
266, "nop", 0, N/A, N/A
267, "     fmul f0, f0, f1", , ,
268, " nop", , ,
269, " nop", , ,
270, " ", , ,
271, "	ret", 0, N/A, N/A
272, " nop", , ,
273, " nop", , ,
274, " nop", , ,
275, " ", , ,
276, "floor:", , ,
277, "nop", 0, N/A, N/A
278, "     ftoi a0,f0", , ,
279, " nop", , ,
280, " nop", , ,
281, " ", , ,
282, "nop", 0, N/A, N/A
283, "     itof f1,a0", , ,
284, " nop", , ,
285, " nop", , ,
286, " ", , ,
287, "nop", 0, N/A, N/A
288, "     flt a1,f0,f1", , ,
289, " nop", , ,
290, " nop", , ,
291, " ", , ,
292, "nop", 0, N/A, N/A
293, "     sub a0,a0,a1", , ,
294, " nop", , ,
295, " nop", , ,
296, " ", , ,
297, "nop", 0, 0, 0
298, "     itof f0,a0", , ,
299, " nop", , ,
300, " nop", , ,
301, " ", , ,
302, "	ret", 0, N/A, N/A
303, " nop", , ,
304, " nop", , ,
305, " nop", , ,
306, " ", , ,
307, "int_of_float:", , ,
308, "	ret", 0, 0, 0
309, "     ftoi a0, f0", , ,
310, " nop", , ,
311, " nop", , ,
312, " ", , ,
313, "float_of_int:", , ,
314, "	ret", 0, N/A, N/A
315, "     itof f0, a0", , ,
316, " nop", , ,
317, " nop", , ,
318, " ", , ,
319, "sqrt:", , ,
320, "	ret", 0, N/A, N/A
321, "     fsqrt f0, f0", , ,
322, " nop", , ,
323, " nop", , ,
324, " ", , ,
325, "fsqr:", , ,
326, "	ret", 0, N/A, N/A
327, "     fmul f0, f0, f0", , ,
328, " nop", , ,
329, " nop", , ,
330, " ", , ,
331, "create_array:", , ,
332, "nop", 0, N/A, N/A
333, "     addi a3, a0, 0", , ,
334, " nop", , ,
335, " nop", , ,
336, " ", , ,
337, "create_array_loop:", , ,
338, "    bge zero, a0, create_array_exit", 0, N/A, N/A
339, " nop", , ,
340, " nop", , ,
341, " nop", , ,
342, " ", , ,
343, "create_array_cont:", , ,
344, "nop", 0, N/A, N/A
345, "     addi a0, a0, -1", , ,
346, " nop", , ,
347, " nop", , ,
348, " ", , ,
349, "nop", 0, N/A, N/A
350, "     add a2, a0, hp", , ,
351, " nop", , ,
352, " nop", , ,
353, " ", , ,
354, "nop", 0, N/A, N/A
355, " nop", , ,
356, " nop", , ,
357, "     sw a1, 0(a2)", , ,
358, " ", , ,
359, "    jump create_array_loop", 0, N/A, N/A
360, " nop", , ,
361, " nop", , ,
362, " nop", , ,
363, " ", , ,
364, "create_array_exit:", , ,
365, "    add hp, hp, a3", 0, N/A, N/A
366, "     add a0, hp, zero", , ,
367, " nop", , ,
368, " nop", , ,
369, " ", , ,
370, "	ret", 0, N/A, N/A
371, " nop", , ,
372, " nop", , ,
373, " nop", , ,
374, " ", , ,
375, "create_float_array:", , ,
376, "nop", 0, N/A, N/A
377, "     addi a3, a0, 0", , ,
378, " nop", , ,
379, " nop", , ,
380, " ", , ,
381, "create_float_array_loop:", , ,
382, "    bge zero, a0, create_float_array_exit", 0, N/A, N/A
383, " nop", , ,
384, " nop", , ,
385, " nop", , ,
386, " ", , ,
387, "create_float_array_cont:", , ,
388, "nop", 0, 0, 0
389, "     addi a0, a0, -1", , ,
390, " nop", , ,
391, " nop", , ,
392, " ", , ,
393, "nop", 0, N/A, N/A
394, "     add a2, a0, hp", , ,
395, " nop", , ,
396, " nop", , ,
397, " ", , ,
398, "nop", 0, N/A, N/A
399, " nop", , ,
400, " nop", , ,
401, " 	sw f0, 0(a2)", , ,
402, " ", , ,
403, "    jump create_float_array_loop", 0, N/A, N/A
404, " nop", , ,
405, " nop", , ,
406, " nop", , ,
407, " ", , ,
408, "create_float_array_exit:", , ,
409, "    add hp, hp, a3", 0, N/A, N/A
410, "     add a0, hp, zero", , ,
411, " nop", , ,
412, " nop", , ,
413, " ", , ,
414, "	ret", 0, N/A, N/A
415, " nop", , ,
416, " nop", , ,
417, " nop", , ,
418, " ", , ,
419, "create_global_array:", , ,
420, "    addi a0, a1, 0", 0, N/A, N/A
421, "     addi a3, a0, 0", , ,
422, " nop", , ,
423, " nop", , ,
424, " ", , ,
425, "nop", 0, N/A, N/A
426, "     addi a1, a2, 0", , ,
427, " nop", , ,
428, " nop", , ,
429, " ", , ,
430, "create_global_array_loop:", , ,
431, "    bge zero, a0, create_global_array_exit", 0, N/A, N/A
432, " nop", , ,
433, " nop", , ,
434, " nop", , ,
435, " ", , ,
436, "create_global_array_cont:", , ,
437, "nop", 0, N/A, N/A
438, "     addi a0, a0, -1", , ,
439, " nop", , ,
440, " nop", , ,
441, " ", , ,
442, "nop", 0, N/A, N/A
443, "     add a4, a0, a3", , ,
444, " nop", , ,
445, " nop", , ,
446, " ", , ,
447, "nop", 0, N/A, N/A
448, " nop", , ,
449, " nop", , ,
450, "     sw a1, 0(a4)", , ,
451, " ", , ,
452, "    jump create_global_array_loop", 0, N/A, N/A
453, " nop", , ,
454, " nop", , ,
455, " nop", , ,
456, " ", , ,
457, "create_global_array_exit:", , ,
458, "	ret", 0, N/A, N/A
459, "     add a0, a3, zero", , ,
460, " nop", , ,
461, " nop", , ,
462, " ", , ,
463, "create_global_float_array:", , ,
464, "    addi a0, a1, 0", 0, N/A, N/A
465, "     addi a3, a0, 0", , ,
466, " nop", , ,
467, " nop", , ,
468, " ", , ,
469, "create_global_float_array_loop:", , ,
470, "    bge zero, a0, create_global_float_array_exit", 0, N/A, N/A
471, " nop", , ,
472, " nop", , ,
473, " nop", , ,
474, " ", , ,
475, "create_global_float_array_cont:", , ,
476, "nop", 0, N/A, N/A
477, "     addi a0, a0, -1", , ,
478, " nop", , ,
479, " nop", , ,
480, " ", , ,
481, "nop", 0, N/A, N/A
482, "     add a4, a0, a3", , ,
483, " nop", , ,
484, " nop", , ,
485, " ", , ,
486, "nop", 0, N/A, N/A
487, " nop", , ,
488, " nop", , ,
489, " 	sw f0, 0(a4)", , ,
490, " ", , ,
491, "    jump create_global_float_array_loop", 0, N/A, N/A
492, " nop", , ,
493, " nop", , ,
494, " nop", , ,
495, " ", , ,
496, "create_global_float_array_exit:", , ,
497, "	ret", 0, N/A, N/A
498, "     add a0, a3, zero", , ,
499, " nop", , ,
500, " nop", , ,
501, " ", , ,
502, "pi_div.122:", , ,
503, "nop", 0, N/A, N/A
504, " 	lui.float f2, 0.000000", , ,
505, " nop", , ,
506, " nop", , ,
507, " ", , ,
508, "nop", 0, N/A, N/A
509, " 	addi.float f2, f2, 0.000000", , ,
510, " nop", , ,
511, " nop", , ,
512, " ", , ,
513, "nop", 0, N/A, N/A
514, " 	feq a20, f2, f0", , ,
515, " nop", , ,
516, " nop", , ,
517, " ", , ,
518, "	beq a20, zero, fbe_else.313", 0, N/A, N/A
519, " nop", , ,
520, " nop", , ,
521, " nop", , ,
522, " ", , ,
523, "	ret", 0, N/A, N/A
524, " nop", , ,
525, " nop", , ,
526, " nop", , ,
527, " ", , ,
528, "fbe_else.313:", , ,
529, "nop", 0, N/A, N/A
530, " 	lui.float f2, 0.000000", , ,
531, " nop", , ,
532, " nop", , ,
533, " ", , ,
534, "nop", 0, N/A, N/A
535, " 	addi.float f2, f2, 0.000000", , ,
536, " nop", , ,
537, " nop", , ,
538, " ", , ,
539, "nop", 0, N/A, N/A
540, " 	fle a20, f0, f2", , ,
541, " nop", , ,
542, " nop", , ,
543, " ", , ,
544, "	beq a20, zero, fble_else.314", 0, 0, 0
545, " nop", , ,
546, " nop", , ,
547, " nop", , ,
548, " ", , ,
549, "nop", 0, N/A, N/A
550, " 	fneg f2, f0", , ,
551, " nop", , ,
552, " nop", , ,
553, " ", , ,
554, "nop", 0, N/A, N/A
555, " 	fle a20, f2, f1", , ,
556, " nop", , ,
557, " nop", , ,
558, " ", , ,
559, "	beq a20, zero, fble_else.315", 0, N/A, N/A
560, " nop", , ,
561, " nop", , ,
562, " nop", , ,
563, " ", , ,
564, "nop", 0, N/A, N/A
565, " 	fadd f0, f0, f1", , ,
566, " nop", , ,
567, " nop", , ,
568, " ", , ,
569, "	addi sp, sp, -3", 0, N/A, N/A
570, " 	addi f0, f1, 0", , ,
571, " nop", , ,
572, " 	sw f0, 0(sp)", , ,
573, " ", , ,
574, "	call fhalf", 0, N/A, N/A
575, " nop", , ,
576, " nop", , ,
577, " nop", , ,
578, " ", , ,
579, "	fadd f1, f0, fzero", 0, N/A, N/A
580, " 	addi sp, sp, 3", , ,
581, " nop", , ,
582, " nop", , ,
583, " ", , ,
584, "nop", 0, N/A, N/A
585, " nop", , ,
586, " nop", , ,
587, " 	lw f0, 0(sp)", , ,
588, " ", , ,
589, "	jump pi_div.122", 0, N/A, N/A
590, " nop", , ,
591, " nop", , ,
592, " nop", , ,
593, " ", , ,
594, "fble_else.315:", , ,
595, "nop", 0, N/A, N/A
596, " 	lui.float f2, 2.000000", , ,
597, " nop", , ,
598, " nop", , ,
599, " ", , ,
600, "nop", 0, N/A, N/A
601, " 	addi.float f2, f2, 2.000000", , ,
602, " nop", , ,
603, " nop", , ,
604, " ", , ,
605, "nop", 0, N/A, N/A
606, " 	fmul f1, f1, f2", , ,
607, " nop", , ,
608, " nop", , ,
609, " ", , ,
610, "	jump pi_div.122", 0, N/A, N/A
611, " nop", , ,
612, " nop", , ,
613, " nop", , ,
614, " ", , ,
615, "fble_else.314:", , ,
616, "	lui.float f3, 2.000000", 0, N/A, N/A
617, " 	lui.float f2, 3.141593", , ,
618, " nop", , ,
619, " nop", , ,
620, " ", , ,
621, "	addi.float f3, f3, 2.000000", 0, N/A, N/A
622, " 	addi.float f2, f2, 3.141593", , ,
623, " nop", , ,
624, " nop", , ,
625, " ", , ,
626, "nop", 0, N/A, N/A
627, " 	fmul f2, f2, f3", , ,
628, " nop", , ,
629, " nop", , ,
630, " ", , ,
631, "nop", 0, N/A, N/A
632, " 	fle a20, f2, f0", , ,
633, " nop", , ,
634, " nop", , ,
635, " ", , ,
636, "	beq a20, zero, fble_else.316", 0, N/A, N/A
637, " nop", , ,
638, " nop", , ,
639, " nop", , ,
640, " ", , ,
641, "nop", 0, N/A, N/A
642, " 	fle a20, f0, f1", , ,
643, " nop", , ,
644, " nop", , ,
645, " ", , ,
646, "	beq a20, zero, fble_else.317", 0, N/A, N/A
647, " nop", , ,
648, " nop", , ,
649, " nop", , ,
650, " ", , ,
651, "	addi sp, sp, -7", 0, N/A, N/A
652, " 	addi f0, f1, 0", , ,
653, " 	sw f0, -4(sp)", , ,
654, " 	sw f1, -2(sp)", , ,
655, " ", , ,
656, "	call fhalf", 0, 0, 0
657, " nop", , ,
658, " nop", , ,
659, " nop", , ,
660, " ", , ,
661, "nop", 0, N/A, N/A
662, " 	addi sp, sp, 7", , ,
663, " nop", , ,
664, " nop", , ,
665, " ", , ,
666, "nop", 0, N/A, N/A
667, " nop", , ,
668, " nop", , ,
669, " 	lw f1, -4(sp)", , ,
670, " ", , ,
671, "nop", 0, N/A, N/A
672, " 	fsub f0, f1, f0", , ,
673, " nop", , ,
674, " 	lw f1, -2(sp)", , ,
675, " ", , ,
676, "	addi sp, sp, -9", 0, N/A, N/A
677, " 	addi f0, f1, 0", , ,
678, " nop", , ,
679, " 	sw f0, -6(sp)", , ,
680, " ", , ,
681, "	call fhalf", 0, N/A, N/A
682, " nop", , ,
683, " nop", , ,
684, " nop", , ,
685, " ", , ,
686, "	fadd f1, f0, fzero", 0, N/A, N/A
687, " 	addi sp, sp, 9", , ,
688, " nop", , ,
689, " nop", , ,
690, " ", , ,
691, "nop", 0, N/A, N/A
692, " nop", , ,
693, " nop", , ,
694, " 	lw f0, -6(sp)", , ,
695, " ", , ,
696, "	jump pi_div.122", 0, 0, 0
697, " nop", , ,
698, " nop", , ,
699, " nop", , ,
700, " ", , ,
701, "fble_else.317:", , ,
702, "nop", 0, N/A, N/A
703, " 	lui.float f2, 2.000000", , ,
704, " nop", , ,
705, " nop", , ,
706, " ", , ,
707, "nop", 0, N/A, N/A
708, " 	addi.float f2, f2, 2.000000", , ,
709, " nop", , ,
710, " nop", , ,
711, " ", , ,
712, "nop", 0, N/A, N/A
713, " 	fmul f1, f1, f2", , ,
714, " nop", , ,
715, " nop", , ,
716, " ", , ,
717, "	jump pi_div.122", 0, N/A, N/A
718, " nop", , ,
719, " nop", , ,
720, " nop", , ,
721, " ", , ,
722, "fble_else.316:", , ,
723, "	ret", 0, N/A, N/A
724, " nop", , ,
725, " nop", , ,
726, " nop", , ,
727, " ", , ,
728, "pi4div.125:", , ,
729, "	lui.float f2, 2.000000", 0, N/A, N/A
730, " 	lui.float f1, 3.141593", , ,
731, " nop", , ,
732, " nop", , ,
733, " ", , ,
734, "	addi.float f2, f2, 2.000000", 0, N/A, N/A
735, " 	addi.float f1, f1, 3.141593", , ,
736, " nop", , ,
737, " nop", , ,
738, " ", , ,
739, "nop", 0, N/A, N/A
740, " 	fdiv f1, f1, f2", , ,
741, " nop", , ,
742, " nop", , ,
743, " ", , ,
744, "nop", 0, N/A, N/A
745, " 	fle a20, f1, f0", , ,
746, " nop", , ,
747, " nop", , ,
748, " ", , ,
749, "	beq a20, zero, fble_else.318", 0, N/A, N/A
750, " nop", , ,
751, " nop", , ,
752, " nop", , ,
753, " ", , ,
754, "nop", 0, N/A, N/A
755, " 	lui.float f1, 3.141593", , ,
756, " nop", , ,
757, " nop", , ,
758, " ", , ,
759, "nop", 0, N/A, N/A
760, " 	addi.float f1, f1, 3.141593", , ,
761, " nop", , ,
762, " nop", , ,
763, " ", , ,
764, "nop", 0, N/A, N/A
765, " 	fle a20, f1, f0", , ,
766, " nop", , ,
767, " nop", , ,
768, " ", , ,
769, "	beq a20, zero, fble_else.319", 0, N/A, N/A
770, " nop", , ,
771, " nop", , ,
772, " nop", , ,
773, " ", , ,
774, "	lui.float f2, 1.500000", 0, N/A, N/A
775, " 	lui.float f1, 3.141593", , ,
776, " nop", , ,
777, " nop", , ,
778, " ", , ,
779, "	addi.float f2, f2, 1.500000", 0, N/A, N/A
780, " 	addi.float f1, f1, 3.141593", , ,
781, " nop", , ,
782, " nop", , ,
783, " ", , ,
784, "nop", 0, 0, 0
785, " 	fmul f1, f1, f2", , ,
786, " nop", , ,
787, " nop", , ,
788, " ", , ,
789, "nop", 0, N/A, N/A
790, " 	fle a20, f1, f0", , ,
791, " nop", , ,
792, " nop", , ,
793, " ", , ,
794, "	beq a20, zero, fble_else.320", 0, N/A, N/A
795, " nop", , ,
796, " nop", , ,
797, " nop", , ,
798, " ", , ,
799, "	lui.float f2, 2.000000", 0, N/A, N/A
800, " 	lui.float f1, 3.141593", , ,
801, " nop", , ,
802, " nop", , ,
803, " ", , ,
804, "	addi.float f1, f1, 3.141593", 0, N/A, N/A
805, " 	add a0, hp, zero", , ,
806, " nop", , ,
807, " nop", , ,
808, " ", , ,
809, "	addi hp, hp, 8", 0, N/A, N/A
810, " 	addi.float f2, f2, 2.000000", , ,
811, " nop", , ,
812, " nop", , ,
813, " ", , ,
814, "nop", 0, N/A, N/A
815, " 	fmul f1, f1, f2", , ,
816, " nop", , ,
817, " nop", , ,
818, " ", , ,
819, "	lui.float f1, 1.000000", 0, N/A, N/A
820, " 	fsub f0, f1, f0", , ,
821, " nop", , ,
822, " nop", , ,
823, " ", , ,
824, "nop", 0, N/A, N/A
825, " 	addi.float f1, f1, 1.000000", , ,
826, " nop", , ,
827, " 	sw f0, 0(a0)", , ,
828, " ", , ,
829, "nop", 0, N/A, N/A
830, " nop", , ,
831, " nop", , ,
832, " 	sw f1, 4(a0)", , ,
833, " ", , ,
834, "	ret", 0, N/A, N/A
835, " nop", , ,
836, " nop", , ,
837, " nop", , ,
838, " ", , ,
839, "fble_else.320:", , ,
840, "	add a0, hp, zero", 0, N/A, N/A
841, " 	lui.float f1, 3.141593", , ,
842, " nop", , ,
843, " nop", , ,
844, " ", , ,
845, "	addi.float f1, f1, 3.141593", 0, N/A, N/A
846, " 	addi hp, hp, 8", , ,
847, " nop", , ,
848, " nop", , ,
849, " ", , ,
850, "	lui.float f1, -1.000000", 0, N/A, N/A
851, " 	fsub f0, f0, f1", , ,
852, " nop", , ,
853, " nop", , ,
854, " ", , ,
855, "nop", 0, N/A, N/A
856, " 	addi.float f1, f1, -1.000000", , ,
857, " nop", , ,
858, " 	sw f0, 0(a0)", , ,
859, " ", , ,
860, "nop", 0, 0, 0
861, " nop", , ,
862, " nop", , ,
863, " 	sw f1, 4(a0)", , ,
864, " ", , ,
865, "	ret", 0, N/A, N/A
866, " nop", , ,
867, " nop", , ,
868, " nop", , ,
869, " ", , ,
870, "fble_else.319:", , ,
871, "	add a0, hp, zero", 0, N/A, N/A
872, " 	lui.float f1, 3.141593", , ,
873, " nop", , ,
874, " nop", , ,
875, " ", , ,
876, "	addi.float f1, f1, 3.141593", 0, N/A, N/A
877, " 	addi hp, hp, 8", , ,
878, " nop", , ,
879, " nop", , ,
880, " ", , ,
881, "	lui.float f1, -1.000000", 0, N/A, N/A
882, " 	fsub f0, f1, f0", , ,
883, " nop", , ,
884, " nop", , ,
885, " ", , ,
886, "nop", 0, N/A, N/A
887, " 	addi.float f1, f1, -1.000000", , ,
888, " nop", , ,
889, " 	sw f0, 0(a0)", , ,
890, " ", , ,
891, "nop", 0, N/A, N/A
892, " nop", , ,
893, " nop", , ,
894, " 	sw f1, 4(a0)", , ,
895, " ", , ,
896, "	ret", 0, N/A, N/A
897, " nop", , ,
898, " nop", , ,
899, " nop", , ,
900, " ", , ,
901, "fble_else.318:", , ,
902, "	add a0, hp, zero", 0, N/A, N/A
903, " 	lui.float f1, 1.000000", , ,
904, " nop", , ,
905, " nop", , ,
906, " ", , ,
907, "	addi.float f1, f1, 1.000000", 0, N/A, N/A
908, " 	addi hp, hp, 8", , ,
909, " nop", , ,
910, " 	sw f0, 0(a0)", , ,
911, " ", , ,
912, "nop", 0, N/A, N/A
913, " nop", , ,
914, " nop", , ,
915, " 	sw f1, 4(a0)", , ,
916, " ", , ,
917, "	ret", 0, N/A, N/A
918, " nop", , ,
919, " nop", , ,
920, " nop", , ,
921, " ", , ,
922, "pi4div2.127:", , ,
923, "	lui.float f2, 2.000000", 0, N/A, N/A
924, " 	lui.float f1, 3.141593", , ,
925, " nop", , ,
926, " nop", , ,
927, " ", , ,
928, "	addi.float f2, f2, 2.000000", 0, 0, 0
929, " 	addi.float f1, f1, 3.141593", , ,
930, " nop", , ,
931, " nop", , ,
932, " ", , ,
933, "nop", 0, N/A, N/A
934, " 	fdiv f1, f1, f2", , ,
935, " nop", , ,
936, " nop", , ,
937, " ", , ,
938, "nop", 0, N/A, N/A
939, " 	fle a20, f1, f0", , ,
940, " nop", , ,
941, " nop", , ,
942, " ", , ,
943, "	beq a20, zero, fble_else.321", 0, N/A, N/A
944, " nop", , ,
945, " nop", , ,
946, " nop", , ,
947, " ", , ,
948, "nop", 0, 0, 0
949, " 	lui.float f1, 3.141593", , ,
950, " nop", , ,
951, " nop", , ,
952, " ", , ,
953, "nop", 0, N/A, N/A
954, " 	addi.float f1, f1, 3.141593", , ,
955, " nop", , ,
956, " nop", , ,
957, " ", , ,
958, "nop", 0, N/A, N/A
959, " 	fle a20, f1, f0", , ,
960, " nop", , ,
961, " nop", , ,
962, " ", , ,
963, "	beq a20, zero, fble_else.322", 0, N/A, N/A
964, " nop", , ,
965, " nop", , ,
966, " nop", , ,
967, " ", , ,
968, "	lui.float f2, 1.500000", 0, 0, 0
969, " 	lui.float f1, 3.141593", , ,
970, " nop", , ,
971, " nop", , ,
972, " ", , ,
973, "	addi.float f2, f2, 1.500000", 0, N/A, N/A
974, " 	addi.float f1, f1, 3.141593", , ,
975, " nop", , ,
976, " nop", , ,
977, " ", , ,
978, "nop", 0, N/A, N/A
979, " 	fmul f1, f1, f2", , ,
980, " nop", , ,
981, " nop", , ,
982, " ", , ,
983, "nop", 0, N/A, N/A
984, " 	fle a20, f1, f0", , ,
985, " nop", , ,
986, " nop", , ,
987, " ", , ,
988, "	beq a20, zero, fble_else.323", 0, N/A, N/A
989, " nop", , ,
990, " nop", , ,
991, " nop", , ,
992, " ", , ,
993, "	lui.float f2, 2.000000", 0, N/A, N/A
994, " 	lui.float f1, 3.141593", , ,
995, " nop", , ,
996, " nop", , ,
997, " ", , ,
998, "	addi.float f1, f1, 3.141593", 0, N/A, N/A
999, " 	add a0, hp, zero", , ,
1000, " nop", , ,
1001, " nop", , ,
1002, " ", , ,
1003, "	addi hp, hp, 8", 0, N/A, N/A
1004, " 	addi.float f2, f2, 2.000000", , ,
1005, " nop", , ,
1006, " nop", , ,
1007, " ", , ,
1008, "nop", 0, 0, 0
1009, " 	fmul f1, f1, f2", , ,
1010, " nop", , ,
1011, " nop", , ,
1012, " ", , ,
1013, "	lui.float f1, -1.000000", 0, N/A, N/A
1014, " 	fsub f0, f1, f0", , ,
1015, " nop", , ,
1016, " nop", , ,
1017, " ", , ,
1018, "nop", 0, N/A, N/A
1019, " 	addi.float f1, f1, -1.000000", , ,
1020, " nop", , ,
1021, " 	sw f0, 0(a0)", , ,
1022, " ", , ,
1023, "nop", 0, N/A, N/A
1024, " nop", , ,
1025, " nop", , ,
1026, " 	sw f1, 4(a0)", , ,
1027, " ", , ,
1028, "	ret", 0, 0, 0
1029, " nop", , ,
1030, " nop", , ,
1031, " nop", , ,
1032, " ", , ,
1033, "fble_else.323:", , ,
1034, "	add a0, hp, zero", 0, N/A, N/A
1035, " 	lui.float f1, 3.141593", , ,
1036, " nop", , ,
1037, " nop", , ,
1038, " ", , ,
1039, "	addi.float f1, f1, 3.141593", 0, N/A, N/A
1040, " 	addi hp, hp, 8", , ,
1041, " nop", , ,
1042, " nop", , ,
1043, " ", , ,
1044, "	lui.float f1, -1.000000", 0, N/A, N/A
1045, " 	fsub f0, f0, f1", , ,
1046, " nop", , ,
1047, " nop", , ,
1048, " ", , ,
1049, "nop", 0, N/A, N/A
1050, " 	addi.float f1, f1, -1.000000", , ,
1051, " nop", , ,
1052, " 	sw f0, 0(a0)", , ,
1053, " ", , ,
1054, "nop", 0, N/A, N/A
1055, " nop", , ,
1056, " nop", , ,
1057, " 	sw f1, 4(a0)", , ,
1058, " ", , ,
1059, "	ret", 0, N/A, N/A
1060, " nop", , ,
1061, " nop", , ,
1062, " nop", , ,
1063, " ", , ,
1064, "fble_else.322:", , ,
1065, "	add a0, hp, zero", 0, N/A, N/A
1066, " 	lui.float f1, 3.141593", , ,
1067, " nop", , ,
1068, " nop", , ,
1069, " ", , ,
1070, "	addi.float f1, f1, 3.141593", 0, N/A, N/A
1071, " 	addi hp, hp, 8", , ,
1072, " nop", , ,
1073, " nop", , ,
1074, " ", , ,
1075, "	lui.float f1, 1.000000", 0, N/A, N/A
1076, " 	fsub f0, f1, f0", , ,
1077, " nop", , ,
1078, " nop", , ,
1079, " ", , ,
1080, "nop", 0, N/A, N/A
1081, " 	addi.float f1, f1, 1.000000", , ,
1082, " nop", , ,
1083, " 	sw f0, 0(a0)", , ,
1084, " ", , ,
1085, "nop", 0, N/A, N/A
1086, " nop", , ,
1087, " nop", , ,
1088, " 	sw f1, 4(a0)", , ,
1089, " ", , ,
1090, "	ret", 0, N/A, N/A
1091, " nop", , ,
1092, " nop", , ,
1093, " nop", , ,
1094, " ", , ,
1095, "fble_else.321:", , ,
1096, "	add a0, hp, zero", 0, N/A, N/A
1097, " 	lui.float f1, 1.000000", , ,
1098, " nop", , ,
1099, " nop", , ,
1100, " ", , ,
1101, "	addi.float f1, f1, 1.000000", 0, N/A, N/A
1102, " 	addi hp, hp, 8", , ,
1103, " nop", , ,
1104, " 	sw f0, 0(a0)", , ,
1105, " ", , ,
1106, "nop", 0, N/A, N/A
1107, " nop", , ,
1108, " nop", , ,
1109, " 	sw f1, 4(a0)", , ,
1110, " ", , ,
1111, "	ret", 0, N/A, N/A
1112, " nop", , ,
1113, " nop", , ,
1114, " nop", , ,
1115, " ", , ,
1116, "tailor_cos.129:", , ,
1117, "nop", 0, N/A, N/A
1118, " 	fmul f0, f0, f0", , ,
1119, " nop", , ,
1120, " nop", , ,
1121, " ", , ,
1122, "nop", 0, N/A, N/A
1123, " 	addi sp, sp, -3", , ,
1124, " nop", , ,
1125, " 	sw f0, 0(sp)", , ,
1126, " ", , ,
1127, "	call fhalf", 0, N/A, N/A
1128, " nop", , ,
1129, " nop", , ,
1130, " nop", , ,
1131, " ", , ,
1132, "	lui.float f3, 0.083333", 0, N/A, N/A
1133, " 	addi sp, sp, 3", , ,
1134, " nop", , ,
1135, " nop", , ,
1136, " ", , ,
1137, "	lui.float f5, 0.017857", 0, N/A, N/A
1138, " 	lui.float f4, 0.033333", , ,
1139, " nop", , ,
1140, " 	lw f1, 0(sp)", , ,
1141, " ", , ,
1142, "	addi.float f3, f3, 0.083333", 0, N/A, N/A
1143, " 	lui.float f6, 0.011111", , ,
1144, " nop", , ,
1145, " nop", , ,
1146, " ", , ,
1147, "	addi.float f5, f5, 0.017857", 0, N/A, N/A
1148, " 	addi.float f4, f4, 0.033333", , ,
1149, " nop", , ,
1150, " nop", , ,
1151, " ", , ,
1152, "	addi.float f6, f6, 0.011111", 0, 0, 0
1153, " 	fmul f2, f1, f0", , ,
1154, " nop", , ,
1155, " nop", , ,
1156, " ", , ,
1157, "nop", 0, N/A, N/A
1158, " 	fmul f2, f2, f3", , ,
1159, " nop", , ,
1160, " nop", , ,
1161, " ", , ,
1162, "nop", 0, N/A, N/A
1163, " 	fmul f3, f1, f2", , ,
1164, " nop", , ,
1165, " nop", , ,
1166, " ", , ,
1167, "nop", 0, N/A, N/A
1168, " 	fmul f3, f3, f4", , ,
1169, " nop", , ,
1170, " nop", , ,
1171, " ", , ,
1172, "nop", 0, N/A, N/A
1173, " 	fmul f4, f1, f3", , ,
1174, " nop", , ,
1175, " nop", , ,
1176, " ", , ,
1177, "nop", 0, N/A, N/A
1178, " 	fmul f4, f4, f5", , ,
1179, " nop", , ,
1180, " nop", , ,
1181, " ", , ,
1182, "nop", 0, N/A, N/A
1183, " 	fmul f5, f1, f4", , ,
1184, " nop", , ,
1185, " nop", , ,
1186, " ", , ,
1187, "	lui.float f6, 0.007576", 0, N/A, N/A
1188, " 	fmul f5, f5, f6", , ,
1189, " nop", , ,
1190, " nop", , ,
1191, " ", , ,
1192, "	addi.float f6, f6, 0.007576", 0, N/A, N/A
1193, " 	fmul f1, f1, f5", , ,
1194, " nop", , ,
1195, " nop", , ,
1196, " ", , ,
1197, "	lui.float f6, 1.000000", 0, N/A, N/A
1198, " 	fmul f1, f1, f6", , ,
1199, " nop", , ,
1200, " nop", , ,
1201, " ", , ,
1202, "nop", 0, N/A, N/A
1203, " 	addi.float f6, f6, 1.000000", , ,
1204, " nop", , ,
1205, " nop", , ,
1206, " ", , ,
1207, "nop", 0, N/A, N/A
1208, " 	fsub f0, f6, f0", , ,
1209, " nop", , ,
1210, " nop", , ,
1211, " ", , ,
1212, "nop", 0, N/A, N/A
1213, " 	fadd f0, f0, f2", , ,
1214, " nop", , ,
1215, " nop", , ,
1216, " ", , ,
1217, "nop", 0, N/A, N/A
1218, " 	fsub f0, f0, f3", , ,
1219, " nop", , ,
1220, " nop", , ,
1221, " ", , ,
1222, "nop", 0, N/A, N/A
1223, " 	fadd f0, f0, f4", , ,
1224, " nop", , ,
1225, " nop", , ,
1226, " ", , ,
1227, "nop", 0, N/A, N/A
1228, " 	fsub f0, f0, f5", , ,
1229, " nop", , ,
1230, " nop", , ,
1231, " ", , ,
1232, "nop", 0, N/A, N/A
1233, " 	fadd f0, f0, f1", , ,
1234, " nop", , ,
1235, " nop", , ,
1236, " ", , ,
1237, "	ret", 0, N/A, N/A
1238, " nop", , ,
1239, " nop", , ,
1240, " nop", , ,
1241, " ", , ,
1242, "cos:", , ,
1243, "	lui.float f2, 2.000000", 0, N/A, N/A
1244, " 	lui.float f1, 3.141593", , ,
1245, " nop", , ,
1246, " nop", , ,
1247, " ", , ,
1248, "	addi.float f1, f1, 3.141593", 0, N/A, N/A
1249, " 	addi sp, sp, -1", , ,
1250, " nop", , ,
1251, " nop", , ,
1252, " ", , ,
1253, "nop", 0, N/A, N/A
1254, " 	addi.float f2, f2, 2.000000", , ,
1255, " nop", , ,
1256, " nop", , ,
1257, " ", , ,
1258, "nop", 0, N/A, N/A
1259, " 	fmul f1, f1, f2", , ,
1260, " nop", , ,
1261, " nop", , ,
1262, " ", , ,
1263, "	call pi_div.122", 0, N/A, N/A
1264, " nop", , ,
1265, " nop", , ,
1266, " nop", , ,
1267, " ", , ,
1268, "nop", 0, N/A, N/A
1269, " 	addi sp, sp, 1", , ,
1270, " nop", , ,
1271, " nop", , ,
1272, " ", , ,
1273, "nop", 0, N/A, N/A
1274, " 	addi sp, sp, -1", , ,
1275, " nop", , ,
1276, " nop", , ,
1277, " ", , ,
1278, "	call pi4div.125", 0, N/A, N/A
1279, " nop", , ,
1280, " nop", , ,
1281, " nop", , ,
1282, " ", , ,
1283, "nop", 0, N/A, N/A
1284, " 	addi sp, sp, 1", , ,
1285, " 	lw f1, 0(a0)", , ,
1286, " 	lw f0, 4(a0)", , ,
1287, " ", , ,
1288, "	addi sp, sp, -3", 0, N/A, N/A
1289, " 	addi f0, f1, 0", , ,
1290, " nop", , ,
1291, " 	sw f0, 0(sp)", , ,
1292, " ", , ,
1293, "	call tailor_cos.129", 0, N/A, N/A
1294, " nop", , ,
1295, " nop", , ,
1296, " nop", , ,
1297, " ", , ,
1298, "nop", 0, N/A, N/A
1299, " 	addi sp, sp, 3", , ,
1300, " nop", , ,
1301, " nop", , ,
1302, " ", , ,
1303, "nop", 0, N/A, N/A
1304, " nop", , ,
1305, " nop", , ,
1306, " 	lw f1, 0(sp)", , ,
1307, " ", , ,
1308, "nop", 0, 0, 0
1309, " 	fmul f0, f1, f0", , ,
1310, " nop", , ,
1311, " nop", , ,
1312, " ", , ,
1313, "	ret", 0, 0, 0
1314, " nop", , ,
1315, " nop", , ,
1316, " nop", , ,
1317, " ", , ,
1318, "sin:", , ,
1319, "	lui.float f2, 2.000000", 0, N/A, N/A
1320, " 	lui.float f1, 3.141593", , ,
1321, " nop", , ,
1322, " nop", , ,
1323, " ", , ,
1324, "	addi.float f1, f1, 3.141593", 0, N/A, N/A
1325, " 	addi sp, sp, -1", , ,
1326, " nop", , ,
1327, " nop", , ,
1328, " ", , ,
1329, "nop", 0, N/A, N/A
1330, " 	addi.float f2, f2, 2.000000", , ,
1331, " nop", , ,
1332, " nop", , ,
1333, " ", , ,
1334, "nop", 0, N/A, N/A
1335, " 	fmul f1, f1, f2", , ,
1336, " nop", , ,
1337, " nop", , ,
1338, " ", , ,
1339, "	call pi_div.122", 0, N/A, N/A
1340, " nop", , ,
1341, " nop", , ,
1342, " nop", , ,
1343, " ", , ,
1344, "nop", 0, N/A, N/A
1345, " 	addi sp, sp, 1", , ,
1346, " nop", , ,
1347, " nop", , ,
1348, " ", , ,
1349, "nop", 0, N/A, N/A
1350, " 	addi sp, sp, -1", , ,
1351, " nop", , ,
1352, " nop", , ,
1353, " ", , ,
1354, "	call pi4div2.127", 0, N/A, N/A
1355, " nop", , ,
1356, " nop", , ,
1357, " nop", , ,
1358, " ", , ,
1359, "	lui.float f2, 3.141593", 0, N/A, N/A
1360, " 	addi sp, sp, 1", , ,
1361, " 	lw f1, 0(a0)", , ,
1362, " 	lw f0, 4(a0)", , ,
1363, " ", , ,
1364, "	addi.float f2, f2, 3.141593", 0, N/A, N/A
1365, " 	lui.float f3, 2.000000", , ,
1366, " nop", , ,
1367, " 	sw f0, 0(sp)", , ,
1368, " ", , ,
1369, "	addi.float f3, f3, 2.000000", 0, N/A, N/A
1370, " 	addi sp, sp, -3", , ,
1371, " nop", , ,
1372, " nop", , ,
1373, " ", , ,
1374, "nop", 0, N/A, N/A
1375, " 	fdiv f2, f2, f3", , ,
1376, " nop", , ,
1377, " nop", , ,
1378, " ", , ,
1379, "nop", 0, N/A, N/A
1380, " 	fsub f1, f2, f1", , ,
1381, " nop", , ,
1382, " nop", , ,
1383, " ", , ,
1384, "nop", 0, N/A, N/A
1385, " 	addi f0, f1, 0", , ,
1386, " nop", , ,
1387, " nop", , ,
1388, " ", , ,
1389, "	call tailor_cos.129", 0, N/A, N/A
1390, " nop", , ,
1391, " nop", , ,
1392, " nop", , ,
1393, " ", , ,
1394, "nop", 0, N/A, N/A
1395, " 	addi sp, sp, 3", , ,
1396, " nop", , ,
1397, " nop", , ,
1398, " ", , ,
1399, "nop", 0, N/A, N/A
1400, " nop", , ,
1401, " nop", , ,
1402, " 	lw f1, 0(sp)", , ,
1403, " ", , ,
1404, "nop", 0, N/A, N/A
1405, " 	fmul f0, f1, f0", , ,
1406, " nop", , ,
1407, " nop", , ,
1408, " ", , ,
1409, "	ret", 0, N/A, N/A
1410, " nop", , ,
1411, " nop", , ,
1412, " nop", , ,
1413, " ", , ,
1414, "tailor_atan.135:", , ,
1415, "	lui.float f3, 0.333333", 0, N/A, N/A
1416, " 	fmul f1, f0, f0", , ,
1417, " nop", , ,
1418, " nop", , ,
1419, " ", , ,
1420, "	lui.float f5, 0.714286", 0, N/A, N/A
1421, " 	lui.float f4, 0.600000", , ,
1422, " nop", , ,
1423, " nop", , ,
1424, " ", , ,
1425, "	fmul f2, f1, f0", 0, N/A, N/A
1426, " 	lui.float f6, 0.777778", , ,
1427, " nop", , ,
1428, " nop", , ,
1429, " ", , ,
1430, "	addi.float f4, f4, 0.600000", 0, N/A, N/A
1431, " 	addi.float f3, f3, 0.333333", , ,
1432, " nop", , ,
1433, " nop", , ,
1434, " ", , ,
1435, "	addi.float f6, f6, 0.777778", 0, N/A, N/A
1436, " 	addi.float f5, f5, 0.714286", , ,
1437, " nop", , ,
1438, " nop", , ,
1439, " ", , ,
1440, "nop", 0, N/A, N/A
1441, " 	fmul f2, f2, f3", , ,
1442, " nop", , ,
1443, " nop", , ,
1444, " ", , ,
1445, "	fsub f0, f0, f2", 0, N/A, N/A
1446, " 	fmul f3, f1, f2", , ,
1447, " nop", , ,
1448, " nop", , ,
1449, " ", , ,
1450, "nop", 0, N/A, N/A
1451, " 	fmul f3, f3, f4", , ,
1452, " nop", , ,
1453, " nop", , ,
1454, " ", , ,
1455, "	fadd f0, f0, f3", 0, N/A, N/A
1456, " 	fmul f4, f1, f3", , ,
1457, " nop", , ,
1458, " nop", , ,
1459, " ", , ,
1460, "nop", 0, N/A, N/A
1461, " 	fmul f4, f4, f5", , ,
1462, " nop", , ,
1463, " nop", , ,
1464, " ", , ,
1465, "	fsub f0, f0, f4", 0, N/A, N/A
1466, " 	fmul f5, f1, f4", , ,
1467, " nop", , ,
1468, " nop", , ,
1469, " ", , ,
1470, "	lui.float f6, 0.818182", 0, N/A, N/A
1471, " 	fmul f5, f5, f6", , ,
1472, " nop", , ,
1473, " nop", , ,
1474, " ", , ,
1475, "	fadd f0, f0, f5", 0, 0, 0
1476, " 	fmul f1, f1, f5", , ,
1477, " nop", , ,
1478, " nop", , ,
1479, " ", , ,
1480, "nop", 0, N/A, N/A
1481, " 	addi.float f6, f6, 0.818182", , ,
1482, " nop", , ,
1483, " nop", , ,
1484, " ", , ,
1485, "nop", 0, N/A, N/A
1486, " 	fmul f1, f1, f6", , ,
1487, " nop", , ,
1488, " nop", , ,
1489, " ", , ,
1490, "nop", 0, N/A, N/A
1491, " 	fsub f0, f0, f1", , ,
1492, " nop", , ,
1493, " nop", , ,
1494, " ", , ,
1495, "	ret", 0, N/A, N/A
1496, " nop", , ,
1497, " nop", , ,
1498, " nop", , ,
1499, " ", , ,
1500, "atan:", , ,
1501, "nop", 0, N/A, N/A
1502, " 	lui.float f1, 0.000000", , ,
1503, " nop", , ,
1504, " nop", , ,
1505, " ", , ,
1506, "nop", 0, N/A, N/A
1507, " 	addi.float f1, f1, 0.000000", , ,
1508, " nop", , ,
1509, " nop", , ,
1510, " ", , ,
1511, "nop", 0, N/A, N/A
1512, " 	fle a20, f1, f0", , ,
1513, " nop", , ,
1514, " nop", , ,
1515, " ", , ,
1516, "	beq a20, zero, fble_else.324", 0, N/A, N/A
1517, " nop", , ,
1518, " nop", , ,
1519, " nop", , ,
1520, " ", , ,
1521, "nop", 0, N/A, N/A
1522, " 	lui.float f1, 1.000000", , ,
1523, " nop", , ,
1524, " nop", , ,
1525, " ", , ,
1526, "nop", 0, N/A, N/A
1527, " 	addi.float f1, f1, 1.000000", , ,
1528, " nop", , ,
1529, " nop", , ,
1530, " ", , ,
1531, "nop", 0, N/A, N/A
1532, " 	fle a20, f0, f1", , ,
1533, " nop", , ,
1534, " nop", , ,
1535, " ", , ,
1536, "	beq a20, zero, fble_else.325", 0, N/A, N/A
1537, " nop", , ,
1538, " nop", , ,
1539, " nop", , ,
1540, " ", , ,
1541, "nop", 0, N/A, N/A
1542, " 	lui.float f1, 0.414214", , ,
1543, " nop", , ,
1544, " nop", , ,
1545, " ", , ,
1546, "nop", 0, N/A, N/A
1547, " 	addi.float f1, f1, 0.414214", , ,
1548, " nop", , ,
1549, " nop", , ,
1550, " ", , ,
1551, "nop", 0, N/A, N/A
1552, " 	fle a20, f0, f1", , ,
1553, " nop", , ,
1554, " nop", , ,
1555, " ", , ,
1556, "	beq a20, zero, fble_else.326", 0, N/A, N/A
1557, " nop", , ,
1558, " nop", , ,
1559, " nop", , ,
1560, " ", , ,
1561, "	jump tailor_atan.135", 0, N/A, N/A
1562, " nop", , ,
1563, " nop", , ,
1564, " nop", , ,
1565, " ", , ,
1566, "fble_else.326:", , ,
1567, "	lui.float f2, 4.000000", 0, N/A, N/A
1568, " 	lui.float f1, 3.141593", , ,
1569, " nop", , ,
1570, " nop", , ,
1571, " ", , ,
1572, "	addi.float f1, f1, 3.141593", 0, N/A, N/A
1573, " 	lui.float f3, 1.000000", , ,
1574, " nop", , ,
1575, " nop", , ,
1576, " ", , ,
1577, "	addi.float f3, f3, 1.000000", 0, N/A, N/A
1578, " 	addi.float f2, f2, 4.000000", , ,
1579, " nop", , ,
1580, " nop", , ,
1581, " ", , ,
1582, "	lui.float f2, 1.000000", 0, N/A, N/A
1583, " 	fdiv f1, f1, f2", , ,
1584, " nop", , ,
1585, " nop", , ,
1586, " ", , ,
1587, "	addi sp, sp, -3", 0, N/A, N/A
1588, " 	addi.float f2, f2, 1.000000", , ,
1589, " nop", , ,
1590, " 	sw f1, 0(sp)", , ,
1591, " ", , ,
1592, "	fadd f0, f3, f0", 0, N/A, N/A
1593, " 	fsub f2, f0, f2", , ,
1594, " nop", , ,
1595, " nop", , ,
1596, " ", , ,
1597, "nop", 0, N/A, N/A
1598, " 	fdiv f0, f2, f0", , ,
1599, " nop", , ,
1600, " nop", , ,
1601, " ", , ,
1602, "	call atan", 0, N/A, N/A
1603, " nop", , ,
1604, " nop", , ,
1605, " nop", , ,
1606, " ", , ,
1607, "nop", 0, N/A, N/A
1608, " 	addi sp, sp, 3", , ,
1609, " nop", , ,
1610, " nop", , ,
1611, " ", , ,
1612, "nop", 0, N/A, N/A
1613, " nop", , ,
1614, " nop", , ,
1615, " 	lw f1, 0(sp)", , ,
1616, " ", , ,
1617, "nop", 0, N/A, N/A
1618, " 	fadd f0, f1, f0", , ,
1619, " nop", , ,
1620, " nop", , ,
1621, " ", , ,
1622, "	ret", 0, N/A, N/A
1623, " nop", , ,
1624, " nop", , ,
1625, " nop", , ,
1626, " ", , ,
1627, "fble_else.325:", , ,
1628, "	lui.float f2, 2.000000", 0, N/A, N/A
1629, " 	lui.float f1, 3.141593", , ,
1630, " nop", , ,
1631, " nop", , ,
1632, " ", , ,
1633, "	addi.float f2, f2, 2.000000", 0, N/A, N/A
1634, " 	addi.float f1, f1, 3.141593", , ,
1635, " nop", , ,
1636, " nop", , ,
1637, " ", , ,
1638, "	lui.float f2, 1.000000", 0, N/A, N/A
1639, " 	fdiv f1, f1, f2", , ,
1640, " nop", , ,
1641, " nop", , ,
1642, " ", , ,
1643, "	addi sp, sp, -5", 0, N/A, N/A
1644, " 	addi.float f2, f2, 1.000000", , ,
1645, " nop", , ,
1646, " 	sw f1, -2(sp)", , ,
1647, " ", , ,
1648, "nop", 0, N/A, N/A
1649, " 	fdiv f0, f2, f0", , ,
1650, " nop", , ,
1651, " nop", , ,
1652, " ", , ,
1653, "	call atan", 0, N/A, N/A
1654, " nop", , ,
1655, " nop", , ,
1656, " nop", , ,
1657, " ", , ,
1658, "nop", 0, 0, 0
1659, " 	addi sp, sp, 5", , ,
1660, " nop", , ,
1661, " nop", , ,
1662, " ", , ,
1663, "nop", 0, N/A, N/A
1664, " nop", , ,
1665, " nop", , ,
1666, " 	lw f1, -2(sp)", , ,
1667, " ", , ,
1668, "nop", 0, N/A, N/A
1669, " 	fsub f0, f1, f0", , ,
1670, " nop", , ,
1671, " nop", , ,
1672, " ", , ,
1673, "	ret", 0, N/A, N/A
1674, " nop", , ,
1675, " nop", , ,
1676, " nop", , ,
1677, " ", , ,
1678, "fble_else.324:", , ,
1679, "	addi sp, sp, -5", 0, N/A, N/A
1680, " 	fneg f0, f0", , ,
1681, " nop", , ,
1682, " nop", , ,
1683, " ", , ,
1684, "	call atan", 0, N/A, N/A
1685, " nop", , ,
1686, " nop", , ,
1687, " nop", , ,
1688, " ", , ,
1689, "	fneg f0, f0", 0, N/A, N/A
1690, " 	addi sp, sp, 5", , ,
1691, " nop", , ,
1692, " nop", , ,
1693, " ", , ,
1694, "	ret", 0, N/A, N/A
1695, " nop", , ,
1696, " nop", , ,
1697, " nop", , ,
1698, " ", , ,
1699, "fib.10:", , ,
1700, "nop", 177, N/A, N/A
1701, " 	addi a1, zero, 1", , ,
1702, " nop", , ,
1703, " nop", , ,
1704, " ", , ,
1705, "	blt a1, a0, ble_else.24", 177, N/A, N/A
1706, " nop", , ,
1707, " nop", , ,
1708, " nop", , ,
1709, " ", , ,
1710, "	ret", 89, N/A, N/A
1711, " nop", , ,
1712, " nop", , ,
1713, " nop", , ,
1714, " ", , ,
1715, "ble_else.24:", , ,
1716, "	addi sp, sp, -3", 88, N/A, N/A
1717, " 	addi a1, a0, -1", , ,
1718, " nop", , ,
1719, " 	sw a0, 0(sp)", , ,
1720, " ", , ,
1721, "nop", 88, N/A, N/A
1722, " 	add a0, a1, zero", , ,
1723, " nop", , ,
1724, " nop", , ,
1725, " ", , ,
1726, "	call fib.10", 88, N/A, N/A
1727, " nop", , ,
1728, " nop", , ,
1729, " nop", , ,
1730, " ", , ,
1731, "nop", 88, N/A, N/A
1732, " 	addi sp, sp, 3", , ,
1733, " nop", , ,
1734, " nop", , ,
1735, " ", , ,
1736, "nop", 88, N/A, N/A
1737, " 	addi sp, sp, -3", , ,
1738, " 	sw a0, -1(sp)", , ,
1739, " 	lw a1, 0(sp)", , ,
1740, " ", , ,
1741, "nop", 88, N/A, N/A
1742, " 	addi a1, a1, -2", , ,
1743, " nop", , ,
1744, " nop", , ,
1745, " ", , ,
1746, "nop", 88, N/A, N/A
1747, " 	add a0, a1, zero", , ,
1748, " nop", , ,
1749, " nop", , ,
1750, " ", , ,
1751, "	call fib.10", 88, N/A, N/A
1752, " nop", , ,
1753, " nop", , ,
1754, " nop", , ,
1755, " ", , ,
1756, "nop", 88, N/A, N/A
1757, " 	addi sp, sp, 3", , ,
1758, " nop", , ,
1759, " nop", , ,
1760, " ", , ,
1761, "nop", 88, N/A, N/A
1762, " nop", , ,
1763, " nop", , ,
1764, " 	lw a1, -1(sp)", , ,
1765, " ", , ,
1766, "nop", 88, N/A, N/A
1767, " 	add a0, a1, a0", , ,
1768, " nop", , ,
1769, " nop", , ,
1770, " ", , ,
1771, "	ret", 88, N/A, N/A
1772, " nop", , ,
1773, " nop", , ,
1774, " nop", , ,
1775, " ", , ,
1776, "min_caml_start:", , ,
1777, "	addi a0, zero, 10", 1, N/A, N/A
1778, " 	addi sp, sp, -28", , ,
1779, " nop", , ,
1780, " nop", , ,
1781, " ", , ,
1782, "nop", 1, N/A, N/A
1783, " 	addi sp, sp, -1", , ,
1784, " nop", , ,
1785, " nop", , ,
1786, " ", , ,
1787, "	call fib.10", 1, N/A, N/A
1788, " nop", , ,
1789, " nop", , ,
1790, " nop", , ,
1791, " ", , ,
1792, "nop", 1, N/A, N/A
1793, " 	addi sp, sp, 1", , ,
1794, " nop", , ,
1795, " nop", , ,
1796, " ", , ,
1797, "nop", 1, N/A, N/A
1798, " 	addi sp, sp, -1", , ,
1799, " nop", , ,
1800, " nop", , ,
1801, " ", , ,
1802, "	call print_int", 1, 1, 0
1803, " nop", , ,
1804, " nop", , ,
1805, " nop", , ,
1806, " ", , ,
,
Label, Times Executed (max), Times Executed (min)
print_char, 1, 0
print_int, 0, 0
print_int_l1, 0, 0
print_int_l2, 0, 0
print_int_l3, 0, 0
print_int_l4, 0, 0
read_int, 0, 0
read_float, 0, 0
fiszero, 0, 0
fispos, 0, 0
fisneg, 0, 0
fneg, 0, 0
fabs, 0, 0
fabs_l1, 0, 0
fless, 0, 0
fhalf, 0, 0
floor, 0, 0
int_of_float, 0, 0
float_of_int, 0, 0
sqrt, 0, 0
fsqr, 0, 0
create_array, 0, 0
create_array_loop, 0, 0
create_array_cont, 0, 0
create_array_exit, 0, 0
create_float_array, 0, 0
create_float_array_loop, 0, 0
create_float_array_cont, 0, 0
create_float_array_exit, 0, 0
create_global_array, 0, 0
create_global_array_loop, 0, 0
create_global_array_cont, 0, 0
create_global_array_exit, 0, 0
create_global_float_array, 0, 0
create_global_float_array_loop, 0, 0
create_global_float_array_cont, 0, 0
create_global_float_array_exit, 0, 0
pi_div.122, 0, 0
fbe_else.313, 0, 0
fble_else.315, 0, 0
fble_else.314, 0, 0
fble_else.317, 0, 0
fble_else.316, 0, 0
pi4div.125, 0, 0
fble_else.320, 0, 0
fble_else.319, 0, 0
fble_else.318, 0, 0
pi4div2.127, 0, 0
fble_else.323, 0, 0
fble_else.322, 0, 0
fble_else.321, 0, 0
tailor_cos.129, 0, 0
cos, 0, 0
sin, 0, 0
tailor_atan.135, 0, 0
atan, 0, 0
fble_else.326, 0, 0
fble_else.325, 0, 0
fble_else.324, 0, 0
fib.10, 0, 0
ble_else.24, 0, 0
min_caml_start, 0, 0
